{
  "concurrency": 1,
  "num_requests": 5,
  "num_success": 5,
  "num_errors": 0,
  "wall_time_s": 106.43910724995658,
  "tokens_per_sec": 12.025655166330063,
  "requests_per_sec": 0.04697521549347681,
  "latency_p50_s": 21.24923008400947,
  "latency_p95_s": 21.410677374969236,
  "latency_p99_s": 21.43758517497685,
  "latency_mean_s": 21.287710125185548,
  "errors_sample": []
}