{
  "concurrency": 5,
  "num_requests": 25,
  "num_success": 25,
  "num_errors": 0,
  "wall_time_s": 120.95198470796458,
  "tokens_per_sec": 52.91355917352355,
  "requests_per_sec": 0.20669359052157638,
  "latency_p50_s": 24.173006500001065,
  "latency_p95_s": 24.283491883357055,
  "latency_p99_s": 24.284009849932044,
  "latency_mean_s": 24.190156546826476,
  "errors_sample": []
}