{
  "concurrency": 80,
  "num_requests": 400,
  "num_success": 400,
  "num_errors": 0,
  "wall_time_s": 77.27948395907879,
  "tokens_per_sec": 1325.0606079903832,
  "requests_per_sec": 5.1760179999624345,
  "latency_p50_s": 15.440702833002433,
  "latency_p95_s": 15.498549468757119,
  "latency_p99_s": 15.530707981642335,
  "latency_mean_s": 15.44607286644139,
  "errors_sample": []
}