{
  "concurrency": 1,
  "num_requests": 5,
  "num_success": 5,
  "num_errors": 0,
  "wall_time_s": 83.27042858290952,
  "tokens_per_sec": 15.371603362477567,
  "requests_per_sec": 0.060045325634677994,
  "latency_p50_s": 16.66821475001052,
  "latency_p95_s": 16.708260799734852,
  "latency_p99_s": 16.711762626278215,
  "latency_mean_s": 16.653942658193408,
  "errors_sample": []
}