{
  "concurrency": 20,
  "num_requests": 100,
  "num_success": 100,
  "num_errors": 0,
  "wall_time_s": 71.7628667090321,
  "tokens_per_sec": 356.73045370103614,
  "requests_per_sec": 1.3934783347696724,
  "latency_p50_s": 14.383119249541778,
  "latency_p95_s": 14.399484670860693,
  "latency_p99_s": 14.407068556580926,
  "latency_mean_s": 14.349892119570868,
  "errors_sample": []
}